[
  {
    "inputs": [],
    "stateMutability": "nonpayable",
    "type": "constructor"
  },
  {
    "inputs": [
      {
        "internalType": "address",
        "name": "recipeAddress",
        "type": "address"
      }
    ],
    "name": "craft",
    "outputs": [],
    "stateMutability": "payable",
    "type": "function"
  },
  {
    "inputs": [
      {
        "internalType": "address",
        "name": "itemAddress",
        "type": "address"
      },
      {
        "internalType": "uint256",
        "name": "sff",
        "type": "uint256"
      },
      {
        "internalType": "address",
        "name": "owner",
        "type": "address"
      }
    ],
    "name": "createRecipe",
    "outputs": [],
    "stateMutability": "nonpayable",
    "type": "function"
  },
  {
    "inputs": [
      {
        "internalType": "address",
        "name": "recipe",
        "type": "address"
      }
    ],
    "name": "getRecipe",
    "outputs": [
      {
        "components": [
          {
            "internalType": "address",
            "name": "itemAddress",
            "type": "address"
          },
          {
            "internalType": "uint256",
            "name": "sff",
            "type": "uint256"
          },
          {
            "internalType": "address",
            "name": "owner",
            "type": "address"
          },
          {
            "internalType": "bool",
            "name": "exists",
            "type": "bool"
          },
          {
            "internalType": "uint256",
            "name": "createdAt",
            "type": "uint256"
          }
        ],
        "internalType": "struct CommunityCrafting.CommunityRecipe",
        "name": "",
        "type": "tuple"
      }
    ],
    "stateMutability": "view",
    "type": "function"
  },
  {
    "inputs": [
      {
        "internalType": "uint256",
        "name": "sff",
        "type": "uint256"
      },
      {
        "internalType": "address",
        "name": "owner",
        "type": "address"
      }
    ],
    "name": "payOut",
    "outputs": [],
    "stateMutability": "payable",
    "type": "function"
  },
  {
    "inputs": [],
    "name": "uniswapV2Router",
    "outputs": [
      {
        "internalType": "contract IUniswapV2Router02",
        "name": "",
        "type": "address"
      }
    ],
    "stateMutability": "view",
    "type": "function"
  },
  {
    "stateMutability": "payable",
    "type": "receive"
  }
]
