{"name":"Canadian Flag","image":"https://sunflower-land.com/play/erc1155/828.gif","decimals":0,"external_url":"https://docs.sunflower-land.com/crafting-guide","attributes":[],"description":"## Rare Flag\n\nA limited edition flag to fly proudly on your farm\n\nYou can craft this item at the Blacksmith in the game.\n\n## Supply\n\n1000\n\n### Crafting Costs\n\n---\n\n- 50 SFL\n- 10 Wood\n\n[Link](https://docs.sunflower-land.com/crafting-guide)\n\n### Contributor\n\nSunflower Land is an open source game built by a community of hundreds of developers and artists across the globe.\n\nCome join us on [Github](https://github.com/sunflower-land/sunflower-land)\n\nDesigned by [Aestnelis](https://twitter.com/containsapathy)\n"}